"job_id","job_title","salary_year_avg","name","skills"
552322,"Associate Director- Data Insights","255829.5","AT&T","sql"
552322,"Associate Director- Data Insights","255829.5","AT&T","python"
552322,"Associate Director- Data Insights","255829.5","AT&T","r"
552322,"Associate Director- Data Insights","255829.5","AT&T","azure"
552322,"Associate Director- Data Insights","255829.5","AT&T","databricks"
552322,"Associate Director- Data Insights","255829.5","AT&T","aws"
552322,"Associate Director- Data Insights","255829.5","AT&T","pandas"
552322,"Associate Director- Data Insights","255829.5","AT&T","pyspark"
552322,"Associate Director- Data Insights","255829.5","AT&T","jupyter"
552322,"Associate Director- Data Insights","255829.5","AT&T","excel"
552322,"Associate Director- Data Insights","255829.5","AT&T","tableau"
552322,"Associate Director- Data Insights","255829.5","AT&T","power bi"
552322,"Associate Director- Data Insights","255829.5","AT&T","powerpoint"
99305,"Data Analyst, Marketing","232423.0","Pinterest Job Advertisements","sql"
99305,"Data Analyst, Marketing","232423.0","Pinterest Job Advertisements","python"
99305,"Data Analyst, Marketing","232423.0","Pinterest Job Advertisements","r"
99305,"Data Analyst, Marketing","232423.0","Pinterest Job Advertisements","hadoop"
99305,"Data Analyst, Marketing","232423.0","Pinterest Job Advertisements","tableau"
1021647,"Data Analyst (Hybrid/Remote)","217000.0","Uclahealthcareers","sql"
1021647,"Data Analyst (Hybrid/Remote)","217000.0","Uclahealthcareers","crystal"
1021647,"Data Analyst (Hybrid/Remote)","217000.0","Uclahealthcareers","oracle"
1021647,"Data Analyst (Hybrid/Remote)","217000.0","Uclahealthcareers","tableau"
1021647,"Data Analyst (Hybrid/Remote)","217000.0","Uclahealthcareers","flow"
168310,"Principal Data Analyst (Remote)","205000.0","SmartAsset","sql"
168310,"Principal Data Analyst (Remote)","205000.0","SmartAsset","python"
168310,"Principal Data Analyst (Remote)","205000.0","SmartAsset","go"
168310,"Principal Data Analyst (Remote)","205000.0","SmartAsset","snowflake"
168310,"Principal Data Analyst (Remote)","205000.0","SmartAsset","pandas"
168310,"Principal Data Analyst (Remote)","205000.0","SmartAsset","numpy"
168310,"Principal Data Analyst (Remote)","205000.0","SmartAsset","excel"
168310,"Principal Data Analyst (Remote)","205000.0","SmartAsset","tableau"
168310,"Principal Data Analyst (Remote)","205000.0","SmartAsset","gitlab"
731368,"Director, Data Analyst - HYBRID","189309.0","Inclusively","sql"
731368,"Director, Data Analyst - HYBRID","189309.0","Inclusively","python"
731368,"Director, Data Analyst - HYBRID","189309.0","Inclusively","azure"
731368,"Director, Data Analyst - HYBRID","189309.0","Inclusively","aws"
731368,"Director, Data Analyst - HYBRID","189309.0","Inclusively","oracle"
731368,"Director, Data Analyst - HYBRID","189309.0","Inclusively","snowflake"
731368,"Director, Data Analyst - HYBRID","189309.0","Inclusively","tableau"
731368,"Director, Data Analyst - HYBRID","189309.0","Inclusively","power bi"
731368,"Director, Data Analyst - HYBRID","189309.0","Inclusively","sap"
731368,"Director, Data Analyst - HYBRID","189309.0","Inclusively","jenkins"
731368,"Director, Data Analyst - HYBRID","189309.0","Inclusively","bitbucket"
731368,"Director, Data Analyst - HYBRID","189309.0","Inclusively","atlassian"
731368,"Director, Data Analyst - HYBRID","189309.0","Inclusively","jira"
731368,"Director, Data Analyst - HYBRID","189309.0","Inclusively","confluence"
310660,"Principal Data Analyst, AV Performance Analysis","189000.0","Motional","sql"
310660,"Principal Data Analyst, AV Performance Analysis","189000.0","Motional","python"
310660,"Principal Data Analyst, AV Performance Analysis","189000.0","Motional","r"
310660,"Principal Data Analyst, AV Performance Analysis","189000.0","Motional","git"
310660,"Principal Data Analyst, AV Performance Analysis","189000.0","Motional","bitbucket"
310660,"Principal Data Analyst, AV Performance Analysis","189000.0","Motional","atlassian"
310660,"Principal Data Analyst, AV Performance Analysis","189000.0","Motional","jira"
310660,"Principal Data Analyst, AV Performance Analysis","189000.0","Motional","confluence"
1749593,"Principal Data Analyst","186000.0","SmartAsset","sql"
1749593,"Principal Data Analyst","186000.0","SmartAsset","python"
1749593,"Principal Data Analyst","186000.0","SmartAsset","go"
1749593,"Principal Data Analyst","186000.0","SmartAsset","snowflake"
1749593,"Principal Data Analyst","186000.0","SmartAsset","pandas"
1749593,"Principal Data Analyst","186000.0","SmartAsset","numpy"
1749593,"Principal Data Analyst","186000.0","SmartAsset","excel"
1749593,"Principal Data Analyst","186000.0","SmartAsset","tableau"
1749593,"Principal Data Analyst","186000.0","SmartAsset","gitlab"
387860,"ERM Data Analyst","184000.0","Get It Recruit - Information Technology","sql"
387860,"ERM Data Analyst","184000.0","Get It Recruit - Information Technology","python"
387860,"ERM Data Analyst","184000.0","Get It Recruit - Information Technology","r"
1781684,"DTCC Data Analyst","170000.0","Robert Half","java"
1781684,"DTCC Data Analyst","170000.0","Robert Half","go"
1781684,"DTCC Data Analyst","170000.0","Robert Half","excel"
987523,"Azure Data Python Consultant - contract to HIRE - Citizen or Perm...","170000.0","Kelly Science, Engineering, Technology & Telecom","sql"
987523,"Azure Data Python Consultant - contract to HIRE - Citizen or Perm...","170000.0","Kelly Science, Engineering, Technology & Telecom","python"
987523,"Azure Data Python Consultant - contract to HIRE - Citizen or Perm...","170000.0","Kelly Science, Engineering, Technology & Telecom","azure"
987523,"Azure Data Python Consultant - contract to HIRE - Citizen or Perm...","170000.0","Kelly Science, Engineering, Technology & Telecom","databricks"
987523,"Azure Data Python Consultant - contract to HIRE - Citizen or Perm...","170000.0","Kelly Science, Engineering, Technology & Telecom","power bi"
1352513,"REMOTE Director of Data Analytics","170000.0","A-Line Staffing Solutions","sql"
1352513,"REMOTE Director of Data Analytics","170000.0","A-Line Staffing Solutions","python"
1352513,"REMOTE Director of Data Analytics","170000.0","A-Line Staffing Solutions","azure"
1525451,"Manager, Data Analyst","167000.0","Uber","sql"
1525451,"Manager, Data Analyst","167000.0","Uber","python"
1525451,"Manager, Data Analyst","167000.0","Uber","r"
1525451,"Manager, Data Analyst","167000.0","Uber","swift"
1525451,"Manager, Data Analyst","167000.0","Uber","excel"
1525451,"Manager, Data Analyst","167000.0","Uber","tableau"
1525451,"Manager, Data Analyst","167000.0","Uber","looker"
1246069,"Data Analyst","165000.0","Plexus Resource Solutions","python"
1246069,"Data Analyst","165000.0","Plexus Resource Solutions","mysql"
1246069,"Data Analyst","165000.0","Plexus Resource Solutions","aws"
712473,"Data Analyst","165000.0","Get It Recruit - Information Technology","sql"
712473,"Data Analyst","165000.0","Get It Recruit - Information Technology","python"
712473,"Data Analyst","165000.0","Get It Recruit - Information Technology","r"
712473,"Data Analyst","165000.0","Get It Recruit - Information Technology","sas"
712473,"Data Analyst","165000.0","Get It Recruit - Information Technology","matlab"
712473,"Data Analyst","165000.0","Get It Recruit - Information Technology","pandas"
712473,"Data Analyst","165000.0","Get It Recruit - Information Technology","tableau"
712473,"Data Analyst","165000.0","Get It Recruit - Information Technology","looker"
712473,"Data Analyst","165000.0","Get It Recruit - Information Technology","sas"
618890,"Principal Data Intelligence Analyst - Cardiac - Remote","163500.0","CEDARS-SINAI","sas"
618890,"Principal Data Intelligence Analyst - Cardiac - Remote","163500.0","CEDARS-SINAI","go"
618890,"Principal Data Intelligence Analyst - Cardiac - Remote","163500.0","CEDARS-SINAI","crystal"
618890,"Principal Data Intelligence Analyst - Cardiac - Remote","163500.0","CEDARS-SINAI","tableau"
618890,"Principal Data Intelligence Analyst - Cardiac - Remote","163500.0","CEDARS-SINAI","sas"
918213,"Senior - Data Analyst","160515.0","DIRECTV","sql"
918213,"Senior - Data Analyst","160515.0","DIRECTV","python"
918213,"Senior - Data Analyst","160515.0","DIRECTV","scala"
918213,"Senior - Data Analyst","160515.0","DIRECTV","r"
918213,"Senior - Data Analyst","160515.0","DIRECTV","mysql"
918213,"Senior - Data Analyst","160515.0","DIRECTV","postgresql"
918213,"Senior - Data Analyst","160515.0","DIRECTV","couchbase"
918213,"Senior - Data Analyst","160515.0","DIRECTV","azure"
918213,"Senior - Data Analyst","160515.0","DIRECTV","databricks"
918213,"Senior - Data Analyst","160515.0","DIRECTV","aws"
918213,"Senior - Data Analyst","160515.0","DIRECTV","redshift"
918213,"Senior - Data Analyst","160515.0","DIRECTV","oracle"
918213,"Senior - Data Analyst","160515.0","DIRECTV","snowflake"
918213,"Senior - Data Analyst","160515.0","DIRECTV","watson"
918213,"Senior - Data Analyst","160515.0","DIRECTV","pyspark"
918213,"Senior - Data Analyst","160515.0","DIRECTV","airflow"
918213,"Senior - Data Analyst","160515.0","DIRECTV","linux"
918213,"Senior - Data Analyst","160515.0","DIRECTV","tableau"
918213,"Senior - Data Analyst","160515.0","DIRECTV","ssis"
918213,"Senior - Data Analyst","160515.0","DIRECTV","cognos"
918213,"Senior - Data Analyst","160515.0","DIRECTV","visio"
182813,"Principal Data Analyst","160000.0","Get It Recruit - Information Technology","sql"
182813,"Principal Data Analyst","160000.0","Get It Recruit - Information Technology","python"
182813,"Principal Data Analyst","160000.0","Get It Recruit - Information Technology","r"
182813,"Principal Data Analyst","160000.0","Get It Recruit - Information Technology","sas"
182813,"Principal Data Analyst","160000.0","Get It Recruit - Information Technology","sql server"
182813,"Principal Data Analyst","160000.0","Get It Recruit - Information Technology","azure"
182813,"Principal Data Analyst","160000.0","Get It Recruit - Information Technology","power bi"
182813,"Principal Data Analyst","160000.0","Get It Recruit - Information Technology","sas"
182813,"Principal Data Analyst","160000.0","Get It Recruit - Information Technology","ssrs"
475626,"Principal Data Analyst","160000.0","Realtime Recruitment","snowflake"
475626,"Principal Data Analyst","160000.0","Realtime Recruitment","power bi"
475626,"Principal Data Analyst","160000.0","Realtime Recruitment","looker"
783771,"SQL DEVELOPER / DATA ANALYST (Insurance industry Experience) ...","160000.0","Robert Half","sql"
783771,"SQL DEVELOPER / DATA ANALYST (Insurance industry Experience) ...","160000.0","Robert Half","java"
485388,"System Data Analyst","157500.0","Edgewater Federal Solutions, Inc.","sql"
485388,"System Data Analyst","157500.0","Edgewater Federal Solutions, Inc.","go"
485388,"System Data Analyst","157500.0","Edgewater Federal Solutions, Inc.","oracle"
266799,"Applied Scientist - Maps","157500.0","Uber","sql"
266799,"Applied Scientist - Maps","157500.0","Uber","python"
266799,"Applied Scientist - Maps","157500.0","Uber","r"
266799,"Applied Scientist - Maps","157500.0","Uber","spark"
25761,"Data Analyst - Remote","155485.5","CaptivateIQ","sql"
25761,"Data Analyst - Remote","155485.5","CaptivateIQ","python"
25761,"Data Analyst - Remote","155485.5","CaptivateIQ","r"
25761,"Data Analyst - Remote","155485.5","CaptivateIQ","tableau"
25761,"Data Analyst - Remote","155485.5","CaptivateIQ","looker"
25761,"Data Analyst - Remote","155485.5","CaptivateIQ","datarobot"
105157,"Lead Data Analyst","155000.0","Motion Recruitment","sql"
105157,"Lead Data Analyst","155000.0","Motion Recruitment","python"
105157,"Lead Data Analyst","155000.0","Motion Recruitment","scala"
105157,"Lead Data Analyst","155000.0","Motion Recruitment","java"
105157,"Lead Data Analyst","155000.0","Motion Recruitment","c++"
105157,"Lead Data Analyst","155000.0","Motion Recruitment","redshift"
105157,"Lead Data Analyst","155000.0","Motion Recruitment","snowflake"
105157,"Lead Data Analyst","155000.0","Motion Recruitment","spark"
105157,"Lead Data Analyst","155000.0","Motion Recruitment","airflow"
105157,"Lead Data Analyst","155000.0","Motion Recruitment","hadoop"
105157,"Lead Data Analyst","155000.0","Motion Recruitment","tableau"
565646,"Staff Business Data Analyst (Remote U.S. OK)","152625.0","Zscaler","sql"
565646,"Staff Business Data Analyst (Remote U.S. OK)","152625.0","Zscaler","hadoop"
565646,"Staff Business Data Analyst (Remote U.S. OK)","152625.0","Zscaler","excel"
565646,"Staff Business Data Analyst (Remote U.S. OK)","152625.0","Zscaler","tableau"
565646,"Staff Business Data Analyst (Remote U.S. OK)","152625.0","Zscaler","looker"
795614,"Staff Business Data Analyst (Remote U.S. OK)","152625.0","Zscaler","sql"
795614,"Staff Business Data Analyst (Remote U.S. OK)","152625.0","Zscaler","hadoop"
795614,"Staff Business Data Analyst (Remote U.S. OK)","152625.0","Zscaler","excel"
795614,"Staff Business Data Analyst (Remote U.S. OK)","152625.0","Zscaler","tableau"
795614,"Staff Business Data Analyst (Remote U.S. OK)","152625.0","Zscaler","looker"
540057,"Lead Data Analyst, Growth (Remote)","152500.0","Rocket Money","sql"
540057,"Lead Data Analyst, Growth (Remote)","152500.0","Rocket Money","looker"
72957,"Management & Program Analyst (Data Analytics)","152221.5","US Patent and Trademark Office","sql"
72957,"Management & Program Analyst (Data Analytics)","152221.5","US Patent and Trademark Office","r"
72957,"Management & Program Analyst (Data Analytics)","152221.5","US Patent and Trademark Office","go"
72957,"Management & Program Analyst (Data Analytics)","152221.5","US Patent and Trademark Office","databricks"
72957,"Management & Program Analyst (Data Analytics)","152221.5","US Patent and Trademark Office","tableau"
72957,"Management & Program Analyst (Data Analytics)","152221.5","US Patent and Trademark Office","alteryx"
456042,"Data Analyst","151500.0","Get It Recruit - Healthcare","sql"
456042,"Data Analyst","151500.0","Get It Recruit - Healthcare","python"
456042,"Data Analyst","151500.0","Get It Recruit - Healthcare","r"
591850,"Mid-Level Data BI Analyst","150000.0","Patterned Learning AI","sql"
591850,"Mid-Level Data BI Analyst","150000.0","Patterned Learning AI","nosql"
591850,"Mid-Level Data BI Analyst","150000.0","Patterned Learning AI","vba"
591850,"Mid-Level Data BI Analyst","150000.0","Patterned Learning AI","oracle"
591850,"Mid-Level Data BI Analyst","150000.0","Patterned Learning AI","hadoop"
591850,"Mid-Level Data BI Analyst","150000.0","Patterned Learning AI","excel"
591850,"Mid-Level Data BI Analyst","150000.0","Patterned Learning AI","tableau"
73304,"Mid-Level Data Analyst","150000.0","Patterned Learning AI","sql"
73304,"Mid-Level Data Analyst","150000.0","Patterned Learning AI","excel"
73304,"Mid-Level Data Analyst","150000.0","Patterned Learning AI","tableau"
73304,"Mid-Level Data Analyst","150000.0","Patterned Learning AI","sheets"
1402149,"Lead Data Analyst - Retirement Product Management","148238.5","Edward Jones","sql"
1402149,"Lead Data Analyst - Retirement Product Management","148238.5","Edward Jones","python"
1402149,"Lead Data Analyst - Retirement Product Management","148238.5","Edward Jones","nosql"
1402149,"Lead Data Analyst - Retirement Product Management","148238.5","Edward Jones","r"
1402149,"Lead Data Analyst - Retirement Product Management","148238.5","Edward Jones","sas"
1402149,"Lead Data Analyst - Retirement Product Management","148238.5","Edward Jones","vba"
1402149,"Lead Data Analyst - Retirement Product Management","148238.5","Edward Jones","db2"
1402149,"Lead Data Analyst - Retirement Product Management","148238.5","Edward Jones","oracle"
1402149,"Lead Data Analyst - Retirement Product Management","148238.5","Edward Jones","hadoop"
1402149,"Lead Data Analyst - Retirement Product Management","148238.5","Edward Jones","excel"
1402149,"Lead Data Analyst - Retirement Product Management","148238.5","Edward Jones","tableau"
1402149,"Lead Data Analyst - Retirement Product Management","148238.5","Edward Jones","sas"
1402149,"Lead Data Analyst - Retirement Product Management","148238.5","Edward Jones","microstrategy"
1402149,"Lead Data Analyst - Retirement Product Management","148238.5","Edward Jones","spss"
1694004,"Manager - Data Analyst","147285.0","EXL Service","sql"
1694004,"Manager - Data Analyst","147285.0","EXL Service","python"
1694004,"Manager - Data Analyst","147285.0","EXL Service","sas"
1694004,"Manager - Data Analyst","147285.0","EXL Service","t-sql"
1694004,"Manager - Data Analyst","147285.0","EXL Service","snowflake"
1694004,"Manager - Data Analyst","147285.0","EXL Service","hadoop"
1694004,"Manager - Data Analyst","147285.0","EXL Service","excel"
1694004,"Manager - Data Analyst","147285.0","EXL Service","sas"
1694004,"Manager - Data Analyst","147285.0","EXL Service","ssis"
479485,"Data Analyst","145000.0","Level","sql"
479485,"Data Analyst","145000.0","Level","python"
479485,"Data Analyst","145000.0","Level","r"
479485,"Data Analyst","145000.0","Level","golang"
479485,"Data Analyst","145000.0","Level","elasticsearch"
479485,"Data Analyst","145000.0","Level","aws"
479485,"Data Analyst","145000.0","Level","bigquery"
479485,"Data Analyst","145000.0","Level","gcp"
479485,"Data Analyst","145000.0","Level","pandas"
479485,"Data Analyst","145000.0","Level","scikit-learn"
479485,"Data Analyst","145000.0","Level","looker"
479485,"Data Analyst","145000.0","Level","kubernetes"
1329162,"Data Analyst - up to 160K+","145000.0","Hire With Jarvis","sql"
1329162,"Data Analyst - up to 160K+","145000.0","Hire With Jarvis","excel"
1329162,"Data Analyst - up to 160K+","145000.0","Hire With Jarvis","tableau"
1329162,"Data Analyst - up to 160K+","145000.0","Hire With Jarvis","power bi"
405581,"Data Analyst","145000.0","CyberCoders","python"
405581,"Data Analyst","145000.0","CyberCoders","java"
405581,"Data Analyst","145000.0","CyberCoders","r"
405581,"Data Analyst","145000.0","CyberCoders","javascript"
405581,"Data Analyst","145000.0","CyberCoders","c++"
405581,"Data Analyst","145000.0","CyberCoders","tableau"
405581,"Data Analyst","145000.0","CyberCoders","power bi"
405581,"Data Analyst","145000.0","CyberCoders","qlik"
712558,"Data Scientist Analyst","145000.0","ALTA IT Services","sql"
712558,"Data Scientist Analyst","145000.0","ALTA IT Services","python"
712558,"Data Scientist Analyst","145000.0","ALTA IT Services","r"
712558,"Data Scientist Analyst","145000.0","ALTA IT Services","sas"
712558,"Data Scientist Analyst","145000.0","ALTA IT Services","excel"
712558,"Data Scientist Analyst","145000.0","ALTA IT Services","tableau"
712558,"Data Scientist Analyst","145000.0","ALTA IT Services","power bi"
712558,"Data Scientist Analyst","145000.0","ALTA IT Services","sas"
1090975,"Data Analyst","140500.0","Uber","sql"
1090975,"Data Analyst","140500.0","Uber","python"
1090975,"Data Analyst","140500.0","Uber","r"
1090975,"Data Analyst","140500.0","Uber","swift"
1090975,"Data Analyst","140500.0","Uber","excel"
1090975,"Data Analyst","140500.0","Uber","tableau"
1090975,"Data Analyst","140500.0","Uber","looker"
149006,"People Data Analyst","140500.0","Insight Global","sql"
149006,"People Data Analyst","140500.0","Insight Global","python"
149006,"People Data Analyst","140500.0","Insight Global","oracle"
762220,"Qlik/Power BI Data Analyst | $130K-$150K + ESOP |100% USA-Remote","140000.0","IT Pros","bigquery"
762220,"Qlik/Power BI Data Analyst | $130K-$150K + ESOP |100% USA-Remote","140000.0","IT Pros","power bi"
762220,"Qlik/Power BI Data Analyst | $130K-$150K + ESOP |100% USA-Remote","140000.0","IT Pros","qlik"
208403,"Data Manager","140000.0","Insight Global","nosql"
1049000,"Sr. Data Analyst","140000.0","Sisense","sql"
1049000,"Sr. Data Analyst","140000.0","Sisense","python"
1049000,"Sr. Data Analyst","140000.0","Sisense","r"
1049000,"Sr. Data Analyst","140000.0","Sisense","snowflake"
1300702,"Data Analyst (Product Data Analyst)","139000.0","Revolut","sql"
1300702,"Data Analyst (Product Data Analyst)","139000.0","Revolut","python"
1300702,"Data Analyst (Product Data Analyst)","139000.0","Revolut","scala"
1300702,"Data Analyst (Product Data Analyst)","139000.0","Revolut","java"
1300702,"Data Analyst (Product Data Analyst)","139000.0","Revolut","c++"
388392,"Digital Marketing Data Analyst (Hybrid)","138640.0","United Services Automobile Association","sql"
388392,"Digital Marketing Data Analyst (Hybrid)","138640.0","United Services Automobile Association","nosql"
388392,"Digital Marketing Data Analyst (Hybrid)","138640.0","United Services Automobile Association","javascript"
388392,"Digital Marketing Data Analyst (Hybrid)","138640.0","United Services Automobile Association","snowflake"
388392,"Digital Marketing Data Analyst (Hybrid)","138640.0","United Services Automobile Association","hadoop"
388392,"Digital Marketing Data Analyst (Hybrid)","138640.0","United Services Automobile Association","phoenix"
388392,"Digital Marketing Data Analyst (Hybrid)","138640.0","United Services Automobile Association","tableau"
1482852,"Data Analyst","138500.0","Overmind","sql"
1482852,"Data Analyst","138500.0","Overmind","python"
350382,"Lead I - Power BI Data Analyst","138000.0","Get It Recruit - Information Technology","sql"
350382,"Lead I - Power BI Data Analyst","138000.0","Get It Recruit - Information Technology","nosql"
350382,"Lead I - Power BI Data Analyst","138000.0","Get It Recruit - Information Technology","sql server"
350382,"Lead I - Power BI Data Analyst","138000.0","Get It Recruit - Information Technology","azure"
350382,"Lead I - Power BI Data Analyst","138000.0","Get It Recruit - Information Technology","power bi"
350382,"Lead I - Power BI Data Analyst","138000.0","Get It Recruit - Information Technology","dax"
835092,"Secret Data Analyst Remote / Telecommute Jobs","137500.0","Insight Global, Inc.","sharepoint"
740073,"Data Analytics Manager","137000.0","WhiteCrow","excel"
740073,"Data Analytics Manager","137000.0","WhiteCrow","powerpoint"
1326467,"Data Analyst","135000.0","EPIC Brokers","excel"
479965,"Data Analyst","135000.0","InvestM Technology LLC","sql"
479965,"Data Analyst","135000.0","InvestM Technology LLC","excel"
479965,"Data Analyst","135000.0","InvestM Technology LLC","power bi"
777802,"Lead Data Analyst / SQL Developer","135000.0","Robert Half","sql"
777802,"Lead Data Analyst / SQL Developer","135000.0","Robert Half","python"
777802,"Lead Data Analyst / SQL Developer","135000.0","Robert Half","go"
777802,"Lead Data Analyst / SQL Developer","135000.0","Robert Half","c"
777802,"Lead Data Analyst / SQL Developer","135000.0","Robert Half","sql server"
513988,"Data Analyst - Advanced Analytics","135000.0","Get It Recruit - Hospitality","sql"
513988,"Data Analyst - Advanced Analytics","135000.0","Get It Recruit - Hospitality","python"
513988,"Data Analyst - Advanced Analytics","135000.0","Get It Recruit - Hospitality","r"
513988,"Data Analyst - Advanced Analytics","135000.0","Get It Recruit - Hospitality","sas"
513988,"Data Analyst - Advanced Analytics","135000.0","Get It Recruit - Hospitality","sas"
262837,"Quantitative Scientist (Remote)","132500.0","Osmind","sql"
262837,"Quantitative Scientist (Remote)","132500.0","Osmind","python"
262837,"Quantitative Scientist (Remote)","132500.0","Osmind","r"
990420,"Data Insights Analyst III","132500.0","Get It Recruit - Information Technology","sql"
990420,"Data Insights Analyst III","132500.0","Get It Recruit - Information Technology","python"
990420,"Data Insights Analyst III","132500.0","Get It Recruit - Information Technology","r"
990420,"Data Insights Analyst III","132500.0","Get It Recruit - Information Technology","tableau"
311931,"Data Analyst III","132500.0","SoftDev Incorporated","sql"
311931,"Data Analyst III","132500.0","SoftDev Incorporated","python"
311931,"Data Analyst III","132500.0","SoftDev Incorporated","r"
311931,"Data Analyst III","132500.0","SoftDev Incorporated","sheets"
92703,"Sr. Data Analyst","130000.0","Launch Consulting Group","sql"
92703,"Sr. Data Analyst","130000.0","Launch Consulting Group","azure"
92703,"Sr. Data Analyst","130000.0","Launch Consulting Group","aws"
92703,"Sr. Data Analyst","130000.0","Launch Consulting Group","snowflake"
92703,"Sr. Data Analyst","130000.0","Launch Consulting Group","excel"
92703,"Sr. Data Analyst","130000.0","Launch Consulting Group","tableau"
92703,"Sr. Data Analyst","130000.0","Launch Consulting Group","power bi"
92703,"Sr. Data Analyst","130000.0","Launch Consulting Group","dax"
92703,"Sr. Data Analyst","130000.0","Launch Consulting Group","visio"
92703,"Sr. Data Analyst","130000.0","Launch Consulting Group","flow"
92703,"Sr. Data Analyst","130000.0","Launch Consulting Group","jira"
21451,"Data Analyst must have telecom domain experince","130000.0","ApTask","sql"
21451,"Data Analyst must have telecom domain experince","130000.0","ApTask","python"
21451,"Data Analyst must have telecom domain experince","130000.0","ApTask","sheets"
21451,"Data Analyst must have telecom domain experince","130000.0","ApTask","flow"
1686779,"Data Insights Manager","130000.0","Get It Recruit - Information Technology","sql"
1686779,"Data Insights Manager","130000.0","Get It Recruit - Information Technology","python"
1686779,"Data Insights Manager","130000.0","Get It Recruit - Information Technology","r"
1686779,"Data Insights Manager","130000.0","Get It Recruit - Information Technology","sql server"
1686779,"Data Insights Manager","130000.0","Get It Recruit - Information Technology","excel"
1686779,"Data Insights Manager","130000.0","Get It Recruit - Information Technology","tableau"
1686779,"Data Insights Manager","130000.0","Get It Recruit - Information Technology","power bi"
1209798,"Data Analyst","130000.0","Doximity","sql"
1209798,"Data Analyst","130000.0","Doximity","python"
1209798,"Data Analyst","130000.0","Doximity","spark"
1209798,"Data Analyst","130000.0","Doximity","pandas"
1209798,"Data Analyst","130000.0","Doximity","numpy"
1209798,"Data Analyst","130000.0","Doximity","unix"
1209798,"Data Analyst","130000.0","Doximity","git"
1209798,"Data Analyst","130000.0","Doximity","github"
1531276,"System Data Analyst","130000.0","Alpha Silicon","sql"
1531276,"System Data Analyst","130000.0","Alpha Silicon","python"
1531276,"System Data Analyst","130000.0","Alpha Silicon","sheets"
1531276,"System Data Analyst","130000.0","Alpha Silicon","flow"
447569,"Lead Data Analyst","130000.0","Kforce Technology Staffing","sql"
447569,"Lead Data Analyst","130000.0","Kforce Technology Staffing","python"
447569,"Lead Data Analyst","130000.0","Kforce Technology Staffing","r"
447569,"Lead Data Analyst","130000.0","Kforce Technology Staffing","databricks"
447569,"Lead Data Analyst","130000.0","Kforce Technology Staffing","aws"
447569,"Lead Data Analyst","130000.0","Kforce Technology Staffing","redshift"
447569,"Lead Data Analyst","130000.0","Kforce Technology Staffing","snowflake"
447569,"Lead Data Analyst","130000.0","Kforce Technology Staffing","tableau"
1566076,"Manager, Data Analytics (Bioscience) - Remote","129000.0","Lonza","python"
1566076,"Manager, Data Analytics (Bioscience) - Remote","129000.0","Lonza","power bi"
1148444,"Data Analyst","127000.0","Acorns","outlook"
1791785,"Marketing Data Analyst (Remote)","127000.0","Cash App","sql"
1791785,"Marketing Data Analyst (Remote)","127000.0","Cash App","go"
1791785,"Marketing Data Analyst (Remote)","127000.0","Cash App","c"
1791785,"Marketing Data Analyst (Remote)","127000.0","Cash App","twilio"
592669,"Behavioral Health Data Analyst- REMOTE","126452.0","ICF","sql"
592669,"Behavioral Health Data Analyst- REMOTE","126452.0","ICF","python"
592669,"Behavioral Health Data Analyst- REMOTE","126452.0","ICF","r"
592669,"Behavioral Health Data Analyst- REMOTE","126452.0","ICF","sas"
592669,"Behavioral Health Data Analyst- REMOTE","126452.0","ICF","tableau"
592669,"Behavioral Health Data Analyst- REMOTE","126452.0","ICF","sas"
592669,"Behavioral Health Data Analyst- REMOTE","126452.0","ICF","spss"
502626,"Sr Data Analyst, Consultant - Client Facing - Remote","126000.0","UnitedHealth Group","sql"
502626,"Sr Data Analyst, Consultant - Client Facing - Remote","126000.0","UnitedHealth Group","python"
502626,"Sr Data Analyst, Consultant - Client Facing - Remote","126000.0","UnitedHealth Group","r"
502626,"Sr Data Analyst, Consultant - Client Facing - Remote","126000.0","UnitedHealth Group","sas"
502626,"Sr Data Analyst, Consultant - Client Facing - Remote","126000.0","UnitedHealth Group","aws"
502626,"Sr Data Analyst, Consultant - Client Facing - Remote","126000.0","UnitedHealth Group","sas"
116211,"Sr Data Analyst - Remote","126000.0","UnitedHealthcare","sql"
116211,"Sr Data Analyst - Remote","126000.0","UnitedHealthcare","sql server"
116211,"Sr Data Analyst - Remote","126000.0","UnitedHealthcare","ssis"
116211,"Sr Data Analyst - Remote","126000.0","UnitedHealthcare","ssrs"
1735665,"Mid-Level Decision Science Analyst","125930.0","USAA","sql"
1735665,"Mid-Level Decision Science Analyst","125930.0","USAA","sas"
1735665,"Mid-Level Decision Science Analyst","125930.0","USAA","phoenix"
1735665,"Mid-Level Decision Science Analyst","125930.0","USAA","sas"
748965,"Strategy and Data Analyst, Sustainability","125500.0","Uber","sql"
748965,"Strategy and Data Analyst, Sustainability","125500.0","Uber","python"
748965,"Strategy and Data Analyst, Sustainability","125500.0","Uber","r"
748965,"Strategy and Data Analyst, Sustainability","125500.0","Uber","go"
1551308,"Investment Data and Analytics Manager","125000.0","Get It Recruit - Information Technology","sql"
1551308,"Investment Data and Analytics Manager","125000.0","Get It Recruit - Information Technology","python"
1551308,"Investment Data and Analytics Manager","125000.0","Get It Recruit - Information Technology","r"
1551308,"Investment Data and Analytics Manager","125000.0","Get It Recruit - Information Technology","vba"
1551308,"Investment Data and Analytics Manager","125000.0","Get It Recruit - Information Technology","excel"
1551308,"Investment Data and Analytics Manager","125000.0","Get It Recruit - Information Technology","tableau"
1551308,"Investment Data and Analytics Manager","125000.0","Get It Recruit - Information Technology","alteryx"
1551308,"Investment Data and Analytics Manager","125000.0","Get It Recruit - Information Technology","flow"
900945,"Data Analyst","125000.0","The Walt Disney Company","sql"
900945,"Data Analyst","125000.0","The Walt Disney Company","python"
900945,"Data Analyst","125000.0","The Walt Disney Company","r"
900945,"Data Analyst","125000.0","The Walt Disney Company","sas"
900945,"Data Analyst","125000.0","The Walt Disney Company","databricks"
900945,"Data Analyst","125000.0","The Walt Disney Company","snowflake"
900945,"Data Analyst","125000.0","The Walt Disney Company","sas"
900945,"Data Analyst","125000.0","The Walt Disney Company","spss"
300502,"Healthcare Data Analyst","125000.0","Get It Recruit - Real Estate","sql"
300502,"Healthcare Data Analyst","125000.0","Get It Recruit - Real Estate","python"
300502,"Healthcare Data Analyst","125000.0","Get It Recruit - Real Estate","shell"
300502,"Healthcare Data Analyst","125000.0","Get It Recruit - Real Estate","bigquery"
300502,"Healthcare Data Analyst","125000.0","Get It Recruit - Real Estate","redshift"
300502,"Healthcare Data Analyst","125000.0","Get It Recruit - Real Estate","spark"
300502,"Healthcare Data Analyst","125000.0","Get It Recruit - Real Estate","airflow"
300502,"Healthcare Data Analyst","125000.0","Get It Recruit - Real Estate","jupyter"
1229773,"Manager, Data Analytics & Reporting - Remote","125000.0","Infinity Consulting Solutions, Inc.","sql"
1229773,"Manager, Data Analytics & Reporting - Remote","125000.0","Infinity Consulting Solutions, Inc.","go"
1229773,"Manager, Data Analytics & Reporting - Remote","125000.0","Infinity Consulting Solutions, Inc.","excel"
1229773,"Manager, Data Analytics & Reporting - Remote","125000.0","Infinity Consulting Solutions, Inc.","notion"
595967,"Data Science Analyst 2 (Pop Health)","125000.0","Starbridge Partners","sql"
595967,"Data Science Analyst 2 (Pop Health)","125000.0","Starbridge Partners","python"
595967,"Data Science Analyst 2 (Pop Health)","125000.0","Starbridge Partners","r"
595967,"Data Science Analyst 2 (Pop Health)","125000.0","Starbridge Partners","sas"
595967,"Data Science Analyst 2 (Pop Health)","125000.0","Starbridge Partners","sas"
285447,"Data Analyst","125000.0","Robert Half","flow"
1216840,"Data Analyst, Operations (Remote)","125000.0","hims & hers","sql"
1216840,"Data Analyst, Operations (Remote)","125000.0","hims & hers","python"
1216840,"Data Analyst, Operations (Remote)","125000.0","hims & hers","r"
1216840,"Data Analyst, Operations (Remote)","125000.0","hims & hers","bash"
1216840,"Data Analyst, Operations (Remote)","125000.0","hims & hers","postgresql"
1216840,"Data Analyst, Operations (Remote)","125000.0","hims & hers","bigquery"
1216840,"Data Analyst, Operations (Remote)","125000.0","hims & hers","airflow"
1216840,"Data Analyst, Operations (Remote)","125000.0","hims & hers","looker"
400967,"Healthcare Data Analyst (Manager)- $120,000-130,000/yr | Remote in PST","125000.0","PWR Staffing & Recruiting","sql"
1682817,"Data Analyst: regional physical security","124500.0","Blackstone Consulting, Inc.","excel"
1682817,"Data Analyst: regional physical security","124500.0","Blackstone Consulting, Inc.","power bi"
1682817,"Data Analyst: regional physical security","124500.0","Blackstone Consulting, Inc.","word"
1682817,"Data Analyst: regional physical security","124500.0","Blackstone Consulting, Inc.","sharepoint"
1682817,"Data Analyst: regional physical security","124500.0","Blackstone Consulting, Inc.","powerpoint"
1682817,"Data Analyst: regional physical security","124500.0","Blackstone Consulting, Inc.","microsoft teams"
821092,"Data Analyst, Support Operations","124000.0","Cloudflare","sql"
821092,"Data Analyst, Support Operations","124000.0","Cloudflare","python"
821092,"Data Analyst, Support Operations","124000.0","Cloudflare","r"
821092,"Data Analyst, Support Operations","124000.0","Cloudflare","tableau"
821092,"Data Analyst, Support Operations","124000.0","Cloudflare","looker"
631753,"Data Analytics Manager","123000.0","Get It Recruit - Information Technology","sql"
631753,"Data Analytics Manager","123000.0","Get It Recruit - Information Technology","tableau"
631753,"Data Analytics Manager","123000.0","Get It Recruit - Information Technology","power bi"
631753,"Data Analytics Manager","123000.0","Get It Recruit - Information Technology","looker"
596565,"Lead Analyst - Data Analytics - Remote","122769.0","ICF","sql"
596565,"Lead Analyst - Data Analytics - Remote","122769.0","ICF","python"
596565,"Lead Analyst - Data Analytics - Remote","122769.0","ICF","tableau"
596565,"Lead Analyst - Data Analytics - Remote","122769.0","ICF","power bi"
1015777,"Decision Science Analyst - Consumer Lending","122500.0","Analytic Recruiting Inc.","sql"
1015777,"Decision Science Analyst - Consumer Lending","122500.0","Analytic Recruiting Inc.","python"
1015777,"Decision Science Analyst - Consumer Lending","122500.0","Analytic Recruiting Inc.","sas"
1015777,"Decision Science Analyst - Consumer Lending","122500.0","Analytic Recruiting Inc.","snowflake"
1015777,"Decision Science Analyst - Consumer Lending","122500.0","Analytic Recruiting Inc.","tableau"
1015777,"Decision Science Analyst - Consumer Lending","122500.0","Analytic Recruiting Inc.","sas"
238020,"Business Data Analyst with SQL (Strong)","122500.0","Innova Solutions","sql"
238020,"Business Data Analyst with SQL (Strong)","122500.0","Innova Solutions","aws"
238020,"Business Data Analyst with SQL (Strong)","122500.0","Innova Solutions","jira"
238020,"Business Data Analyst with SQL (Strong)","122500.0","Innova Solutions","confluence"
426033,"Sales Ops Data Analyst (Remote)","122000.0","CloudFlare","sql"
426033,"Sales Ops Data Analyst (Remote)","122000.0","CloudFlare","bigquery"
426033,"Sales Ops Data Analyst (Remote)","122000.0","CloudFlare","tableau"
426033,"Sales Ops Data Analyst (Remote)","122000.0","CloudFlare","sheets"
298860,"Sales Ops Data Analyst (Austin, TX or Remote)","122000.0","Cloudflare","sql"
298860,"Sales Ops Data Analyst (Austin, TX or Remote)","122000.0","Cloudflare","bigquery"
298860,"Sales Ops Data Analyst (Austin, TX or Remote)","122000.0","Cloudflare","tableau"
298860,"Sales Ops Data Analyst (Austin, TX or Remote)","122000.0","Cloudflare","sheets"
1191992,"Business Data Analyst","120000.0","Robert Half","sql"
1191992,"Business Data Analyst","120000.0","Robert Half","tableau"
1191992,"Business Data Analyst","120000.0","Robert Half","power bi"
1611348,"Lifeforce: Data Analyst (Remote)","120000.0","M13","sql"
1611348,"Lifeforce: Data Analyst (Remote)","120000.0","M13","r"
1611348,"Lifeforce: Data Analyst (Remote)","120000.0","M13","sas"
1611348,"Lifeforce: Data Analyst (Remote)","120000.0","M13","sas"
1611348,"Lifeforce: Data Analyst (Remote)","120000.0","M13","spss"
999820,"Business Intelligence Data Analyst","120000.0","LAI","sql"
999820,"Business Intelligence Data Analyst","120000.0","LAI","go"
999820,"Business Intelligence Data Analyst","120000.0","LAI","excel"
999820,"Business Intelligence Data Analyst","120000.0","LAI","tableau"
999820,"Business Intelligence Data Analyst","120000.0","LAI","word"
999820,"Business Intelligence Data Analyst","120000.0","LAI","kubernetes"
999820,"Business Intelligence Data Analyst","120000.0","LAI","jira"
999820,"Business Intelligence Data Analyst","120000.0","LAI","confluence"
236172,"Data Analytics Analyst","120000.0","Get It Recruit - Information Technology","excel"
236172,"Data Analytics Analyst","120000.0","Get It Recruit - Information Technology","tableau"
236172,"Data Analytics Analyst","120000.0","Get It Recruit - Information Technology","power bi"
236172,"Data Analytics Analyst","120000.0","Get It Recruit - Information Technology","sharepoint"
236172,"Data Analytics Analyst","120000.0","Get It Recruit - Information Technology","powerpoint"
236172,"Data Analytics Analyst","120000.0","Get It Recruit - Information Technology","outlook"
236172,"Data Analytics Analyst","120000.0","Get It Recruit - Information Technology","visio"
587198,"Data Architect","120000.0","Motion Recruitment","sql"
587198,"Data Architect","120000.0","Motion Recruitment","azure"
587198,"Data Architect","120000.0","Motion Recruitment","aws"
587198,"Data Architect","120000.0","Motion Recruitment","bigquery"
587198,"Data Architect","120000.0","Motion Recruitment","redshift"
587198,"Data Architect","120000.0","Motion Recruitment","snowflake"
587198,"Data Architect","120000.0","Motion Recruitment","gcp"
587198,"Data Architect","120000.0","Motion Recruitment","tableau"
1132443,"Risk Data Analyst","119908.0","US Development Finance Corporation (formerly Overseas Private Investment Corporation)","python"
1132443,"Risk Data Analyst","119908.0","US Development Finance Corporation (formerly Overseas Private Investment Corporation)","vba"
1132443,"Risk Data Analyst","119908.0","US Development Finance Corporation (formerly Overseas Private Investment Corporation)","tableau"
1132443,"Risk Data Analyst","119908.0","US Development Finance Corporation (formerly Overseas Private Investment Corporation)","power bi"
446029,"Data Analyst - Predictive Modeling","119200.0","CVS Health","sql"
446029,"Data Analyst - Predictive Modeling","119200.0","CVS Health","python"
446029,"Data Analyst - Predictive Modeling","119200.0","CVS Health","hadoop"
446029,"Data Analyst - Predictive Modeling","119200.0","CVS Health","tableau"
876656,"Data Analyst","119200.0","CVS Health","sql"
876656,"Data Analyst","119200.0","CVS Health","python"
876656,"Data Analyst","119200.0","CVS Health","hadoop"
876656,"Data Analyst","119200.0","CVS Health","tableau"
945180,"Data Analyst","117713.0","Get It Recruit - Healthcare","excel"
945180,"Data Analyst","117713.0","Get It Recruit - Healthcare","tableau"
945180,"Data Analyst","117713.0","Get It Recruit - Healthcare","word"
945180,"Data Analyst","117713.0","Get It Recruit - Healthcare","powerpoint"
945180,"Data Analyst","117713.0","Get It Recruit - Healthcare","ms access"
685438,"Data Analyst","117500.0","Jobot","sql"
685438,"Data Analyst","117500.0","Jobot","python"
685438,"Data Analyst","117500.0","Jobot","tableau"
1124418,"Lead Data Analyst","117500.0","Get It Recruit - Information Technology","sql"
1124418,"Lead Data Analyst","117500.0","Get It Recruit - Information Technology","python"
1124418,"Lead Data Analyst","117500.0","Get It Recruit - Information Technology","sql server"
436153,"Lead Data Analyst / SQL Developer","117500.0","Robert Half","sql"
436153,"Lead Data Analyst / SQL Developer","117500.0","Robert Half","python"
436153,"Lead Data Analyst / SQL Developer","117500.0","Robert Half","go"
436153,"Lead Data Analyst / SQL Developer","117500.0","Robert Half","c"
436153,"Lead Data Analyst / SQL Developer","117500.0","Robert Half","sql server"
131427,"Data Analyst","117000.0","Get It Recruit - Information Technology","sql"
131427,"Data Analyst","117000.0","Get It Recruit - Information Technology","python"
131427,"Data Analyst","117000.0","Get It Recruit - Information Technology","tableau"
131427,"Data Analyst","117000.0","Get It Recruit - Information Technology","looker"
1788827,"Data Analyst","115791.5","Kern Health Systems","sql"
1788827,"Data Analyst","115791.5","Kern Health Systems","sas"
1788827,"Data Analyst","115791.5","Kern Health Systems","excel"
1788827,"Data Analyst","115791.5","Kern Health Systems","sas"
1574716,"BI Data Analyst IV","115791.5","Kern Health Systems","sql"
1574716,"BI Data Analyst IV","115791.5","Kern Health Systems","sas"
1574716,"BI Data Analyst IV","115791.5","Kern Health Systems","excel"
1574716,"BI Data Analyst IV","115791.5","Kern Health Systems","sas"
16358,"BI Data Analyst IV","115791.5","Kern Health Systems","sql"
16358,"BI Data Analyst IV","115791.5","Kern Health Systems","sas"
16358,"BI Data Analyst IV","115791.5","Kern Health Systems","excel"
16358,"BI Data Analyst IV","115791.5","Kern Health Systems","sas"
24351,"Data Analyst","115000.0","ManyPets","sql"
24351,"Data Analyst","115000.0","ManyPets","excel"
24351,"Data Analyst","115000.0","ManyPets","tableau"
156483,"Data/Information Architect","115000.0","Robert Half","sql"
156483,"Data/Information Architect","115000.0","Robert Half","python"
156483,"Data/Information Architect","115000.0","Robert Half","postgresql"
156483,"Data/Information Architect","115000.0","Robert Half","snowflake"
156483,"Data/Information Architect","115000.0","Robert Half","tableau"
1139755,"Data Analyst","115000.0","Lighthouse Professional Services","sql"
1139755,"Data Analyst","115000.0","Lighthouse Professional Services","python"
1139755,"Data Analyst","115000.0","Lighthouse Professional Services","r"
1139755,"Data Analyst","115000.0","Lighthouse Professional Services","vba"
1139755,"Data Analyst","115000.0","Lighthouse Professional Services","snowflake"
1139755,"Data Analyst","115000.0","Lighthouse Professional Services","tableau"
1139755,"Data Analyst","115000.0","Lighthouse Professional Services","power bi"
1139755,"Data Analyst","115000.0","Lighthouse Professional Services","dax"
1139755,"Data Analyst","115000.0","Lighthouse Professional Services","powerpoint"
1139755,"Data Analyst","115000.0","Lighthouse Professional Services","alteryx"
1403108,"Data Analyst","115000.0","Get It Recruit - Information Technology","sql"
1403108,"Data Analyst","115000.0","Get It Recruit - Information Technology","python"
357990,"Data Analyst","115000.0","Robert Half","sql"
357990,"Data Analyst","115000.0","Robert Half","sql server"
357990,"Data Analyst","115000.0","Robert Half","azure"
357990,"Data Analyst","115000.0","Robert Half","databricks"
357990,"Data Analyst","115000.0","Robert Half","oracle"
357990,"Data Analyst","115000.0","Robert Half","tableau"
357990,"Data Analyst","115000.0","Robert Half","power bi"
1772547,"QNXT/TriZetto Data Analyst","115000.0","Medasource","sql"
1772547,"QNXT/TriZetto Data Analyst","115000.0","Medasource","sql server"
1772547,"QNXT/TriZetto Data Analyst","115000.0","Medasource","azure"
1772547,"QNXT/TriZetto Data Analyst","115000.0","Medasource","excel"
198747,"Business Data Analyst","115000.0","Robert Half","sql"
198747,"Business Data Analyst","115000.0","Robert Half","tableau"
198747,"Business Data Analyst","115000.0","Robert Half","power bi"
945577,"Behavioral Health Data Analyst","114956.5","ICF","sql"
945577,"Behavioral Health Data Analyst","114956.5","ICF","python"
945577,"Behavioral Health Data Analyst","114956.5","ICF","r"
945577,"Behavioral Health Data Analyst","114956.5","ICF","sas"
945577,"Behavioral Health Data Analyst","114956.5","ICF","tableau"
945577,"Behavioral Health Data Analyst","114956.5","ICF","sas"
945577,"Behavioral Health Data Analyst","114956.5","ICF","spss"
467403,"Healthcare Analytics Expert","114948.0","Get It Recruit - Healthcare","python"
467403,"Healthcare Analytics Expert","114948.0","Get It Recruit - Healthcare","r"
467403,"Healthcare Analytics Expert","114948.0","Get It Recruit - Healthcare","sas"
467403,"Healthcare Analytics Expert","114948.0","Get It Recruit - Healthcare","tableau"
467403,"Healthcare Analytics Expert","114948.0","Get It Recruit - Healthcare","power bi"
467403,"Healthcare Analytics Expert","114948.0","Get It Recruit - Healthcare","sas"
857003,"Behavioral Health Data Analyst","114805.0","ICF","sql"
857003,"Behavioral Health Data Analyst","114805.0","ICF","python"
857003,"Behavioral Health Data Analyst","114805.0","ICF","r"
857003,"Behavioral Health Data Analyst","114805.0","ICF","sas"
857003,"Behavioral Health Data Analyst","114805.0","ICF","tableau"
857003,"Behavioral Health Data Analyst","114805.0","ICF","sas"
857003,"Behavioral Health Data Analyst","114805.0","ICF","spss"
1566879,"Data Analyst, Global Business Development","114000.0","Uber","sql"
1566879,"Data Analyst, Global Business Development","114000.0","Uber","python"
1566879,"Data Analyst, Global Business Development","114000.0","Uber","r"
1566879,"Data Analyst, Global Business Development","114000.0","Uber","tableau"
1566879,"Data Analyst, Global Business Development","114000.0","Uber","looker"
1354909,"Technical Business/Data Analyst (REMOTE)","113500.0","GEICO","sql"
1354909,"Technical Business/Data Analyst (REMOTE)","113500.0","GEICO","python"
1354909,"Technical Business/Data Analyst (REMOTE)","113500.0","GEICO","db2"
1354909,"Technical Business/Data Analyst (REMOTE)","113500.0","GEICO","azure"
1354909,"Technical Business/Data Analyst (REMOTE)","113500.0","GEICO","oracle"
1354909,"Technical Business/Data Analyst (REMOTE)","113500.0","GEICO","snowflake"
1354909,"Technical Business/Data Analyst (REMOTE)","113500.0","GEICO","hadoop"
1354909,"Technical Business/Data Analyst (REMOTE)","113500.0","GEICO","power bi"
248219,"Data Analyst, Customer Success (Chicago, IL or Remote)","112850.0","Square","sql"
248219,"Data Analyst, Customer Success (Chicago, IL or Remote)","112850.0","Square","python"
248219,"Data Analyst, Customer Success (Chicago, IL or Remote)","112850.0","Square","go"
248219,"Data Analyst, Customer Success (Chicago, IL or Remote)","112850.0","Square","c"
248219,"Data Analyst, Customer Success (Chicago, IL or Remote)","112850.0","Square","tableau"
248219,"Data Analyst, Customer Success (Chicago, IL or Remote)","112850.0","Square","looker"
248219,"Data Analyst, Customer Success (Chicago, IL or Remote)","112850.0","Square","flow"
236397,"Data Analyst","112661.0","Get It Recruit - Healthcare","sql"
236397,"Data Analyst","112661.0","Get It Recruit - Healthcare","python"
236397,"Data Analyst","112661.0","Get It Recruit - Healthcare","tableau"
84928,"Experian Data Analyst Remote / Telecommute Jobs","112500.0","Seneca Resources, LLC","aws"
84928,"Experian Data Analyst Remote / Telecommute Jobs","112500.0","Seneca Resources, LLC","linux"
185960,"Data Analyst","112500.0","Get It Recruit - Information Technology","sql"
185960,"Data Analyst","112500.0","Get It Recruit - Information Technology","python"
185960,"Data Analyst","112500.0","Get It Recruit - Information Technology","r"
185960,"Data Analyst","112500.0","Get It Recruit - Information Technology","tableau"
185960,"Data Analyst","112500.0","Get It Recruit - Information Technology","looker"
71065,"Data Analyst Remote / Telecommute Jobs","112500.0","Paratus Solutions LLC","sql"
71065,"Data Analyst Remote / Telecommute Jobs","112500.0","Paratus Solutions LLC","python"
71065,"Data Analyst Remote / Telecommute Jobs","112500.0","Paratus Solutions LLC","r"
71065,"Data Analyst Remote / Telecommute Jobs","112500.0","Paratus Solutions LLC","sas"
71065,"Data Analyst Remote / Telecommute Jobs","112500.0","Paratus Solutions LLC","javascript"
71065,"Data Analyst Remote / Telecommute Jobs","112500.0","Paratus Solutions LLC","sqlite"
71065,"Data Analyst Remote / Telecommute Jobs","112500.0","Paratus Solutions LLC","excel"
71065,"Data Analyst Remote / Telecommute Jobs","112500.0","Paratus Solutions LLC","tableau"
71065,"Data Analyst Remote / Telecommute Jobs","112500.0","Paratus Solutions LLC","sas"
71065,"Data Analyst Remote / Telecommute Jobs","112500.0","Paratus Solutions LLC","spss"
1728,"Data Engineer/Data Analyst","112500.0","Segue Technologies Inc","sql"
1728,"Data Engineer/Data Analyst","112500.0","Segue Technologies Inc","nosql"
1728,"Data Engineer/Data Analyst","112500.0","Segue Technologies Inc","sql server"
1728,"Data Engineer/Data Analyst","112500.0","Segue Technologies Inc","aws"
1728,"Data Engineer/Data Analyst","112500.0","Segue Technologies Inc","excel"
1728,"Data Engineer/Data Analyst","112500.0","Segue Technologies Inc","tableau"
1006256,"Data Analyst","112500.0","InvestM Technology LLC","sql"
1006256,"Data Analyst","112500.0","InvestM Technology LLC","python"
1006256,"Data Analyst","112500.0","InvestM Technology LLC","r"
1006256,"Data Analyst","112500.0","InvestM Technology LLC","tableau"
1006256,"Data Analyst","112500.0","InvestM Technology LLC","power bi"
576410,"Remote Lead Business Data Analyst (Chicago, IL or Remote)","112500.0","UL Solutions","excel"
576410,"Remote Lead Business Data Analyst (Chicago, IL or Remote)","112500.0","UL Solutions","dax"
147455,"Data Analyst (Remote)","112050.0","Cisco Meraki","sql"
147455,"Data Analyst (Remote)","112050.0","Cisco Meraki","oracle"
147455,"Data Analyst (Remote)","112050.0","Cisco Meraki","excel"
147455,"Data Analyst (Remote)","112050.0","Cisco Meraki","tableau"
147455,"Data Analyst (Remote)","112050.0","Cisco Meraki","looker"
147455,"Data Analyst (Remote)","112050.0","Cisco Meraki","sap"
958872,"Data Analyst","111500.0","IBM","sql"
958872,"Data Analyst","111500.0","IBM","python"
958872,"Data Analyst","111500.0","IBM","azure"
958872,"Data Analyst","111500.0","IBM","ibm cloud"
958872,"Data Analyst","111500.0","IBM","tableau"
958872,"Data Analyst","111500.0","IBM","jira"
1574686,"Data Analyst","110000.0","Insight Global","sql"
1574686,"Data Analyst","110000.0","Insight Global","t-sql"
1574686,"Data Analyst","110000.0","Insight Global","sql server"
1574686,"Data Analyst","110000.0","Insight Global","azure"
1574686,"Data Analyst","110000.0","Insight Global","aws"
1574686,"Data Analyst","110000.0","Insight Global","power bi"
1574686,"Data Analyst","110000.0","Insight Global","ssis"
1574686,"Data Analyst","110000.0","Insight Global","ssrs"
412163,"Medicaid Data Analyst","110000.0","Apex Systems","sql"
894317,"Data Analyst","110000.0","Get It Recruit - Transportation","sql"
894317,"Data Analyst","110000.0","Get It Recruit - Transportation","python"
1814437,"Data Analyst","110000.0","Get It Recruit - Real Estate","sql"
1814437,"Data Analyst","110000.0","Get It Recruit - Real Estate","python"
1814437,"Data Analyst","110000.0","Get It Recruit - Real Estate","r"
1814437,"Data Analyst","110000.0","Get It Recruit - Real Estate","tableau"
1814437,"Data Analyst","110000.0","Get It Recruit - Real Estate","power bi"
480243,"Data Analyst - Remote","110000.0","Cava Connect","sql"
480243,"Data Analyst - Remote","110000.0","Cava Connect","python"
480243,"Data Analyst - Remote","110000.0","Cava Connect","vba"
480243,"Data Analyst - Remote","110000.0","Cava Connect","excel"
480243,"Data Analyst - Remote","110000.0","Cava Connect","power bi"
480243,"Data Analyst - Remote","110000.0","Cava Connect","dax"
480243,"Data Analyst - Remote","110000.0","Cava Connect","ssis"
480243,"Data Analyst - Remote","110000.0","Cava Connect","ssrs"
382334,"Energy Data Analyst","110000.0","DNV","sql"
382334,"Energy Data Analyst","110000.0","DNV","python"
382334,"Energy Data Analyst","110000.0","DNV","r"
382334,"Energy Data Analyst","110000.0","DNV","sas"
382334,"Energy Data Analyst","110000.0","DNV","javascript"
382334,"Energy Data Analyst","110000.0","DNV","azure"
382334,"Energy Data Analyst","110000.0","DNV","databricks"
382334,"Energy Data Analyst","110000.0","DNV","excel"
382334,"Energy Data Analyst","110000.0","DNV","power bi"
382334,"Energy Data Analyst","110000.0","DNV","sas"
382334,"Energy Data Analyst","110000.0","DNV","word"
382334,"Energy Data Analyst","110000.0","DNV","powerpoint"
382334,"Energy Data Analyst","110000.0","DNV","jira"
1210470,"Data Analyst","110000.0","Convergenz","sql"
1210470,"Data Analyst","110000.0","Convergenz","r"
1210470,"Data Analyst","110000.0","Convergenz","sas"
1210470,"Data Analyst","110000.0","Convergenz","tableau"
1210470,"Data Analyst","110000.0","Convergenz","power bi"
1210470,"Data Analyst","110000.0","Convergenz","sas"
409831,"Data Analyst","110000.0","Trinity Solar Careers","sql"
409831,"Data Analyst","110000.0","Trinity Solar Careers","t-sql"
409831,"Data Analyst","110000.0","Trinity Solar Careers","sql server"
409831,"Data Analyst","110000.0","Trinity Solar Careers","excel"
409831,"Data Analyst","110000.0","Trinity Solar Careers","power bi"
409831,"Data Analyst","110000.0","Trinity Solar Careers","dax"
409831,"Data Analyst","110000.0","Trinity Solar Careers","ssis"
1434170,"Data Analyst III","110000.0","CREDITSERVE INC","sql"
1434170,"Data Analyst III","110000.0","CREDITSERVE INC","python"
1434170,"Data Analyst III","110000.0","CREDITSERVE INC","excel"
1434170,"Data Analyst III","110000.0","CREDITSERVE INC","tableau"
1434170,"Data Analyst III","110000.0","CREDITSERVE INC","word"
1434170,"Data Analyst III","110000.0","CREDITSERVE INC","powerpoint"
321727,"Data Analyst III","110000.0","CREDITSERVE INC","sql"
321727,"Data Analyst III","110000.0","CREDITSERVE INC","python"
321727,"Data Analyst III","110000.0","CREDITSERVE INC","excel"
321727,"Data Analyst III","110000.0","CREDITSERVE INC","tableau"
321727,"Data Analyst III","110000.0","CREDITSERVE INC","word"
321727,"Data Analyst III","110000.0","CREDITSERVE INC","powerpoint"
1592165,"SQL DEVELOPER / DATA ANALYST (Insurance industry Experience) ...","110000.0","Robert Half","sql"
1592165,"SQL DEVELOPER / DATA ANALYST (Insurance industry Experience) ...","110000.0","Robert Half","ssis"
446319,"Data Analyst","110000.0","Get It Recruit - Finance","javascript"
446319,"Data Analyst","110000.0","Get It Recruit - Finance","looker"
991817,"Data Analyst","110000.0","Get It Recruit - Finance","excel"
1047698,"Data Analyst","110000.0","Insight Global","sql"
1047698,"Data Analyst","110000.0","Insight Global","aws"
1490432,"Retail Systems Data Analyst","110000.0","Get It Recruit - Information Technology","sql"
1490432,"Retail Systems Data Analyst","110000.0","Get It Recruit - Information Technology","excel"
1490432,"Retail Systems Data Analyst","110000.0","Get It Recruit - Information Technology","power bi"
1490432,"Retail Systems Data Analyst","110000.0","Get It Recruit - Information Technology","alteryx"
1490432,"Retail Systems Data Analyst","110000.0","Get It Recruit - Information Technology","flow"
991303,"EDI Data Analyst/Business Systems Analyst III  (Great Place to...","109600.0","Paradigm","sql"
991303,"EDI Data Analyst/Business Systems Analyst III  (Great Place to...","109600.0","Paradigm","python"
991303,"EDI Data Analyst/Business Systems Analyst III  (Great Place to...","109600.0","Paradigm","java"
991303,"EDI Data Analyst/Business Systems Analyst III  (Great Place to...","109600.0","Paradigm","shell"
991303,"EDI Data Analyst/Business Systems Analyst III  (Great Place to...","109600.0","Paradigm","javascript"
991303,"EDI Data Analyst/Business Systems Analyst III  (Great Place to...","109600.0","Paradigm","bash"
991303,"EDI Data Analyst/Business Systems Analyst III  (Great Place to...","109600.0","Paradigm","powershell"
991303,"EDI Data Analyst/Business Systems Analyst III  (Great Place to...","109600.0","Paradigm","sql server"
991303,"EDI Data Analyst/Business Systems Analyst III  (Great Place to...","109600.0","Paradigm","db2"
991303,"EDI Data Analyst/Business Systems Analyst III  (Great Place to...","109600.0","Paradigm","oracle"
991303,"EDI Data Analyst/Business Systems Analyst III  (Great Place to...","109600.0","Paradigm","flow"
1026200,"Data Analyst, Finance and Accounting (Remote)","107500.0","Rhino","sql"
1026200,"Data Analyst, Finance and Accounting (Remote)","107500.0","Rhino","bigquery"
1026200,"Data Analyst, Finance and Accounting (Remote)","107500.0","Rhino","excel"
1119269,"Data Analyst","107500.0","CODING DOJO INC.","sql"
1119269,"Data Analyst","107500.0","CODING DOJO INC.","python"
1119269,"Data Analyst","107500.0","CODING DOJO INC.","r"
1119269,"Data Analyst","107500.0","CODING DOJO INC.","sas"
1119269,"Data Analyst","107500.0","CODING DOJO INC.","hadoop"
1119269,"Data Analyst","107500.0","CODING DOJO INC.","excel"
1119269,"Data Analyst","107500.0","CODING DOJO INC.","tableau"
1119269,"Data Analyst","107500.0","CODING DOJO INC.","power bi"
1119269,"Data Analyst","107500.0","CODING DOJO INC.","sas"
1119269,"Data Analyst","107500.0","CODING DOJO INC.","word"
1119269,"Data Analyst","107500.0","CODING DOJO INC.","powerpoint"
1119269,"Data Analyst","107500.0","CODING DOJO INC.","outlook"
65900,"Data and Process Modeling Analyst","107500.0","Get It Recruit - Hospitality","excel"
65900,"Data and Process Modeling Analyst","107500.0","Get It Recruit - Hospitality","powerpoint"
1795029,"Data Analyst - Remote","107500.0","Dice","sql"
1795029,"Data Analyst - Remote","107500.0","Dice","python"
1795029,"Data Analyst - Remote","107500.0","Dice","power bi"
1795029,"Data Analyst - Remote","107500.0","Dice","sap"
600392,"REMOTE PowerBI Data Analyst","107500.0","Insight Global","sql"
255533,"IT Data Analyst - Remote | WFH","107500.0","Get It Recruit - Information Technology","sql"
255533,"IT Data Analyst - Remote | WFH","107500.0","Get It Recruit - Information Technology","python"
255533,"IT Data Analyst - Remote | WFH","107500.0","Get It Recruit - Information Technology","r"
255533,"IT Data Analyst - Remote | WFH","107500.0","Get It Recruit - Information Technology","html"
255533,"IT Data Analyst - Remote | WFH","107500.0","Get It Recruit - Information Technology","sql server"
255533,"IT Data Analyst - Remote | WFH","107500.0","Get It Recruit - Information Technology","azure"
255533,"IT Data Analyst - Remote | WFH","107500.0","Get It Recruit - Information Technology","aws"
255533,"IT Data Analyst - Remote | WFH","107500.0","Get It Recruit - Information Technology","excel"
255533,"IT Data Analyst - Remote | WFH","107500.0","Get It Recruit - Information Technology","tableau"
255533,"IT Data Analyst - Remote | WFH","107500.0","Get It Recruit - Information Technology","power bi"
107274,"Data Analyst","106562.5","Cherry Bekaert Advisory, LLC","sql"
107274,"Data Analyst","106562.5","Cherry Bekaert Advisory, LLC","python"
107274,"Data Analyst","106562.5","Cherry Bekaert Advisory, LLC","r"
107274,"Data Analyst","106562.5","Cherry Bekaert Advisory, LLC","pandas"
107274,"Data Analyst","106562.5","Cherry Bekaert Advisory, LLC","numpy"
107274,"Data Analyst","106562.5","Cherry Bekaert Advisory, LLC","scikit-learn"
107274,"Data Analyst","106562.5","Cherry Bekaert Advisory, LLC","tableau"
107274,"Data Analyst","106562.5","Cherry Bekaert Advisory, LLC","power bi"
107274,"Data Analyst","106562.5","Cherry Bekaert Advisory, LLC","alteryx"
228239,"Data Analyst II - Firm Analytics","106479.0","Edward Jones","sql"
228239,"Data Analyst II - Firm Analytics","106479.0","Edward Jones","python"
228239,"Data Analyst II - Firm Analytics","106479.0","Edward Jones","r"
228239,"Data Analyst II - Firm Analytics","106479.0","Edward Jones","sas"
228239,"Data Analyst II - Firm Analytics","106479.0","Edward Jones","oracle"
228239,"Data Analyst II - Firm Analytics","106479.0","Edward Jones","snowflake"
228239,"Data Analyst II - Firm Analytics","106479.0","Edward Jones","tableau"
228239,"Data Analyst II - Firm Analytics","106479.0","Edward Jones","sas"
228239,"Data Analyst II - Firm Analytics","106479.0","Edward Jones","spss"
617583,"Data Analyst II - Firm Analytics","106479.0","Edward Jones","sql"
617583,"Data Analyst II - Firm Analytics","106479.0","Edward Jones","python"
617583,"Data Analyst II - Firm Analytics","106479.0","Edward Jones","r"
617583,"Data Analyst II - Firm Analytics","106479.0","Edward Jones","sas"
617583,"Data Analyst II - Firm Analytics","106479.0","Edward Jones","oracle"
617583,"Data Analyst II - Firm Analytics","106479.0","Edward Jones","snowflake"
617583,"Data Analyst II - Firm Analytics","106479.0","Edward Jones","tableau"
617583,"Data Analyst II - Firm Analytics","106479.0","Edward Jones","sas"
617583,"Data Analyst II - Firm Analytics","106479.0","Edward Jones","spss"
55833,"Data Governance Analyst II - Frameworks, Standards, & Policies","106479.0","Edward Jones","vba"
55833,"Data Governance Analyst II - Frameworks, Standards, & Policies","106479.0","Edward Jones","excel"
55833,"Data Governance Analyst II - Frameworks, Standards, & Policies","106479.0","Edward Jones","word"
55833,"Data Governance Analyst II - Frameworks, Standards, & Policies","106479.0","Edward Jones","powerpoint"
800017,"Data Analyst","106000.0","Get It Recruit - Information Technology","sql"
800017,"Data Analyst","106000.0","Get It Recruit - Information Technology","python"
800017,"Data Analyst","106000.0","Get It Recruit - Information Technology","snowflake"
800017,"Data Analyst","106000.0","Get It Recruit - Information Technology","excel"
800017,"Data Analyst","106000.0","Get It Recruit - Information Technology","tableau"
800017,"Data Analyst","106000.0","Get It Recruit - Information Technology","git"
1454946,"Market Research & Data Analyst","106000.0","Get It Recruit - Information Technology","sql"
1454946,"Market Research & Data Analyst","106000.0","Get It Recruit - Information Technology","excel"
1454946,"Market Research & Data Analyst","106000.0","Get It Recruit - Information Technology","tableau"
1454946,"Market Research & Data Analyst","106000.0","Get It Recruit - Information Technology","looker"
936268,"Marketing Data Analyst","105000.0","Syndicatebleu","sql"
936268,"Marketing Data Analyst","105000.0","Syndicatebleu","javascript"
936268,"Marketing Data Analyst","105000.0","Syndicatebleu","html"
936268,"Marketing Data Analyst","105000.0","Syndicatebleu","excel"
936268,"Marketing Data Analyst","105000.0","Syndicatebleu","looker"
426601,"Product Data Analyst","105000.0","Syrup","sql"
426601,"Product Data Analyst","105000.0","Syrup","python"
426601,"Product Data Analyst","105000.0","Syrup","r"
426601,"Product Data Analyst","105000.0","Syrup","spark"
426601,"Product Data Analyst","105000.0","Syrup","hadoop"
426601,"Product Data Analyst","105000.0","Syrup","tableau"
426601,"Product Data Analyst","105000.0","Syrup","power bi"
1309967,"Sr Data Analyst","105000.0","CyberCoders","sql"
1309967,"Sr Data Analyst","105000.0","CyberCoders","oracle"
1309967,"Sr Data Analyst","105000.0","CyberCoders","excel"
1309967,"Sr Data Analyst","105000.0","CyberCoders","tableau"
1091932,"Healthcare Data Analyst","105000.0","Get It Recruit - Healthcare","sql"
1091932,"Healthcare Data Analyst","105000.0","Get It Recruit - Healthcare","python"
1091932,"Healthcare Data Analyst","105000.0","Get It Recruit - Healthcare","tableau"
1091932,"Healthcare Data Analyst","105000.0","Get It Recruit - Healthcare","power bi"
1344229,"Data Analyst","105000.0","Vista Global Solutions, LLC","sql"
1344229,"Data Analyst","105000.0","Vista Global Solutions, LLC","python"
1344229,"Data Analyst","105000.0","Vista Global Solutions, LLC","r"
1344229,"Data Analyst","105000.0","Vista Global Solutions, LLC","aws"
1344229,"Data Analyst","105000.0","Vista Global Solutions, LLC","redshift"
1344229,"Data Analyst","105000.0","Vista Global Solutions, LLC","excel"
1344229,"Data Analyst","105000.0","Vista Global Solutions, LLC","tableau"
1344229,"Data Analyst","105000.0","Vista Global Solutions, LLC","qlik"
371104,"Clinical Data Analyst","105000.0","Modis","sql"
371104,"Clinical Data Analyst","105000.0","Modis","azure"
1069248,"Data Analyst","105000.0","Starr And Associates LLC","sql"
1069248,"Data Analyst","105000.0","Starr And Associates LLC","python"
1069248,"Data Analyst","105000.0","Starr And Associates LLC","r"
1069248,"Data Analyst","105000.0","Starr And Associates LLC","excel"
1069248,"Data Analyst","105000.0","Starr And Associates LLC","tableau"
1069248,"Data Analyst","105000.0","Starr And Associates LLC","qlik"
601788,"Data Visualization Analyst","105000.0","Get It Recruit - Information Technology","html"
601788,"Data Visualization Analyst","105000.0","Get It Recruit - Information Technology","excel"
601788,"Data Visualization Analyst","105000.0","Get It Recruit - Information Technology","tableau"
601788,"Data Visualization Analyst","105000.0","Get It Recruit - Information Technology","power bi"
909000,"Associate Director, Data Analysis","105000.0","EL Education (Formerly Expeditionary Learning)","r"
909000,"Associate Director, Data Analysis","105000.0","EL Education (Formerly Expeditionary Learning)","tableau"
909000,"Associate Director, Data Analysis","105000.0","EL Education (Formerly Expeditionary Learning)","word"
748403,"Sales Comp Data Analyst (Remote, U.S.)","104300.0","Pitney Bowes","go"
748403,"Sales Comp Data Analyst (Remote, U.S.)","104300.0","Pitney Bowes","excel"
748403,"Sales Comp Data Analyst (Remote, U.S.)","104300.0","Pitney Bowes","tableau"
748403,"Sales Comp Data Analyst (Remote, U.S.)","104300.0","Pitney Bowes","power bi"
380744,"Health Information Management Data Analyst III","104106.5","Health Plan of San Mateo","sas"
380744,"Health Information Management Data Analyst III","104106.5","Health Plan of San Mateo","excel"
380744,"Health Information Management Data Analyst III","104106.5","Health Plan of San Mateo","sas"
380744,"Health Information Management Data Analyst III","104106.5","Health Plan of San Mateo","word"
380744,"Health Information Management Data Analyst III","104106.5","Health Plan of San Mateo","spreadsheet"
380744,"Health Information Management Data Analyst III","104106.5","Health Plan of San Mateo","powerpoint"
380744,"Health Information Management Data Analyst III","104106.5","Health Plan of San Mateo","outlook"
909351,"Data Analyst","104000.0","Get It Recruit - Information Technology","sql"
909351,"Data Analyst","104000.0","Get It Recruit - Information Technology","python"
909351,"Data Analyst","104000.0","Get It Recruit - Information Technology","r"
909351,"Data Analyst","104000.0","Get It Recruit - Information Technology","javascript"
909351,"Data Analyst","104000.0","Get It Recruit - Information Technology","c++"
909351,"Data Analyst","104000.0","Get It Recruit - Information Technology","snowflake"
909351,"Data Analyst","104000.0","Get It Recruit - Information Technology","excel"
909351,"Data Analyst","104000.0","Get It Recruit - Information Technology","tableau"
909351,"Data Analyst","104000.0","Get It Recruit - Information Technology","looker"
909351,"Data Analyst","104000.0","Get It Recruit - Information Technology","qlik"
909351,"Data Analyst","104000.0","Get It Recruit - Information Technology","powerpoint"
1559111,"Healthcare Data Analyst","103500.0","Get It Recruit - Information Technology","sql"
1679633,"Data Wrangling and Visualization Manager","103000.0","Get It Recruit - Information Technology","sql"
1679633,"Data Wrangling and Visualization Manager","103000.0","Get It Recruit - Information Technology","python"
1679633,"Data Wrangling and Visualization Manager","103000.0","Get It Recruit - Information Technology","azure"
1679633,"Data Wrangling and Visualization Manager","103000.0","Get It Recruit - Information Technology","databricks"
1679633,"Data Wrangling and Visualization Manager","103000.0","Get It Recruit - Information Technology","aws"
1679633,"Data Wrangling and Visualization Manager","103000.0","Get It Recruit - Information Technology","spark"
707689,"Epic Chronicles Database Analyst","103000.0","Get It Recruit - Information Technology","sql"
1667594,"Data Integration Analyst","103000.0","AIDS Healthcare Foundation","sql"
1667594,"Data Integration Analyst","103000.0","AIDS Healthcare Foundation","python"
1667594,"Data Integration Analyst","103000.0","AIDS Healthcare Foundation","r"
1667594,"Data Integration Analyst","103000.0","AIDS Healthcare Foundation","t-sql"
1667594,"Data Integration Analyst","103000.0","AIDS Healthcare Foundation","sql server"
1667594,"Data Integration Analyst","103000.0","AIDS Healthcare Foundation","oracle"
1667594,"Data Integration Analyst","103000.0","AIDS Healthcare Foundation","unix"
1667594,"Data Integration Analyst","103000.0","AIDS Healthcare Foundation","windows"
1667594,"Data Integration Analyst","103000.0","AIDS Healthcare Foundation","tableau"
1667594,"Data Integration Analyst","103000.0","AIDS Healthcare Foundation","ssis"
1667594,"Data Integration Analyst","103000.0","AIDS Healthcare Foundation","ssrs"
535535,"Data Analyst","102500.0","Orion Groups","python"
535535,"Data Analyst","102500.0","Orion Groups","bash"
535535,"Data Analyst","102500.0","Orion Groups","gcp"
535535,"Data Analyst","102500.0","Orion Groups","spark"
535535,"Data Analyst","102500.0","Orion Groups","hadoop"
535535,"Data Analyst","102500.0","Orion Groups","jenkins"
535535,"Data Analyst","102500.0","Orion Groups","flow"
535535,"Data Analyst","102500.0","Orion Groups","github"
535535,"Data Analyst","102500.0","Orion Groups","jira"
535535,"Data Analyst","102500.0","Orion Groups","confluence"
523374,"Data Analyst","102500.0","Insight Global","sql"
523374,"Data Analyst","102500.0","Insight Global","javascript"
523374,"Data Analyst","102500.0","Insight Global","tableau"
949643,"Data Analyst","102500.0","Get It Recruit - Information Technology","sql"
949643,"Data Analyst","102500.0","Get It Recruit - Information Technology","tableau"
949643,"Data Analyst","102500.0","Get It Recruit - Information Technology","power bi"
1277458,"Data Analyst","102250.0","ZipRecruiter","sql"
1277458,"Data Analyst","102250.0","ZipRecruiter","python"
4420,"Senior System/Data Analyst","102000.0","Get It Recruit - Information Technology","sql"
4420,"Senior System/Data Analyst","102000.0","Get It Recruit - Information Technology","python"
4420,"Senior System/Data Analyst","102000.0","Get It Recruit - Information Technology","aws"
4420,"Senior System/Data Analyst","102000.0","Get It Recruit - Information Technology","redshift"
4420,"Senior System/Data Analyst","102000.0","Get It Recruit - Information Technology","oracle"
4420,"Senior System/Data Analyst","102000.0","Get It Recruit - Information Technology","tableau"
1378977,"Remote Data Analyst III","102000.0","Get It Recruit - Information Technology","sql"
1378977,"Remote Data Analyst III","102000.0","Get It Recruit - Information Technology","excel"
1526567,"Data Analyst - Healthcare Industry (Remote)","102000.0","Get It Recruit - Information Technology","sql"
1526567,"Data Analyst - Healthcare Industry (Remote)","102000.0","Get It Recruit - Information Technology","excel"
1234973,"Data Analyst","101500.0","Get It Recruit - Information Technology","sql"
1234973,"Data Analyst","101500.0","Get It Recruit - Information Technology","hadoop"
1234973,"Data Analyst","101500.0","Get It Recruit - Information Technology","tableau"
1234973,"Data Analyst","101500.0","Get It Recruit - Information Technology","jira"
1234973,"Data Analyst","101500.0","Get It Recruit - Information Technology","confluence"
686507,"Data Analyst","101500.0","Get It Recruit - Information Technology","sql"
686507,"Data Analyst","101500.0","Get It Recruit - Information Technology","python"
686507,"Data Analyst","101500.0","Get It Recruit - Information Technology","r"
686507,"Data Analyst","101500.0","Get It Recruit - Information Technology","azure"
1440,"Data Analyst - Empowering Insights for a Healthier Future","101500.0","Get It Recruit - Information Technology","sql"
1440,"Data Analyst - Empowering Insights for a Healthier Future","101500.0","Get It Recruit - Information Technology","excel"
1514995,"Data analyst remote","100400.0","UnitedHealth Group","python"
1514995,"Data analyst remote","100400.0","UnitedHealth Group","snowflake"
1514995,"Data analyst remote","100400.0","UnitedHealth Group","excel"
1514995,"Data analyst remote","100400.0","UnitedHealth Group","tableau"
1514995,"Data analyst remote","100400.0","UnitedHealth Group","power bi"
1514995,"Data analyst remote","100400.0","UnitedHealth Group","alteryx"
838504,"Data Analyst 2 - Remote","100400.0","Optum","sql"
838504,"Data Analyst 2 - Remote","100400.0","Optum","c#"
838504,"Data Analyst 2 - Remote","100400.0","Optum","sql server"
838504,"Data Analyst 2 - Remote","100400.0","Optum","ssis"
838504,"Data Analyst 2 - Remote","100400.0","Optum","ssrs"
838504,"Data Analyst 2 - Remote","100400.0","Optum","github"
136192,"Healthcare Data Analyst- Hybrid","100400.0","UnitedHealth Group","sas"
136192,"Healthcare Data Analyst- Hybrid","100400.0","UnitedHealth Group","go"
136192,"Healthcare Data Analyst- Hybrid","100400.0","UnitedHealth Group","sas"
1519017,"Sr Supplemental Data Analyst - Remote","100400.0","UnitedHealth Group","sql"
1519017,"Sr Supplemental Data Analyst - Remote","100400.0","UnitedHealth Group","excel"
1519017,"Sr Supplemental Data Analyst - Remote","100400.0","UnitedHealth Group","word"
1519017,"Sr Supplemental Data Analyst - Remote","100400.0","UnitedHealth Group","powerpoint"
1519017,"Sr Supplemental Data Analyst - Remote","100400.0","UnitedHealth Group","outlook"
1519017,"Sr Supplemental Data Analyst - Remote","100400.0","UnitedHealth Group","ms access"
1519017,"Sr Supplemental Data Analyst - Remote","100400.0","UnitedHealth Group","visio"
262921,"Tableau Data Analyst","100000.5","SAIC","sql"
262921,"Tableau Data Analyst","100000.5","SAIC","java"
262921,"Tableau Data Analyst","100000.5","SAIC","c++"
262921,"Tableau Data Analyst","100000.5","SAIC","c#"
262921,"Tableau Data Analyst","100000.5","SAIC","c"
262921,"Tableau Data Analyst","100000.5","SAIC","sql server"
262921,"Tableau Data Analyst","100000.5","SAIC","oracle"
262921,"Tableau Data Analyst","100000.5","SAIC","excel"
262921,"Tableau Data Analyst","100000.5","SAIC","tableau"
262921,"Tableau Data Analyst","100000.5","SAIC","qlik"
262921,"Tableau Data Analyst","100000.5","SAIC","visio"
420972,"Data Conversion Analyst","100000.0","Insight Global","power bi"
1217891,"Data Analytics Manager","100000.0","Get It Recruit - Information Technology","sql"
1785328,"Healthcare Quality Data Analyst","100000.0","Insight Global Healthcare","excel"
1785328,"Healthcare Quality Data Analyst","100000.0","Insight Global Healthcare","tableau"
1785328,"Healthcare Quality Data Analyst","100000.0","Insight Global Healthcare","qlik"
1785328,"Healthcare Quality Data Analyst","100000.0","Insight Global Healthcare","powerpoint"
524146,"Data Analyst","100000.0","Hearth","sql"
524146,"Data Analyst","100000.0","Hearth","python"
524146,"Data Analyst","100000.0","Hearth","r"
524146,"Data Analyst","100000.0","Hearth","tableau"
524146,"Data Analyst","100000.0","Hearth","looker"
43545,"Data Analyst - Healthcare","100000.0","InvestM Technology LLC","sql"
43545,"Data Analyst - Healthcare","100000.0","InvestM Technology LLC","python"
43545,"Data Analyst - Healthcare","100000.0","InvestM Technology LLC","r"
43545,"Data Analyst - Healthcare","100000.0","InvestM Technology LLC","tableau"
43545,"Data Analyst - Healthcare","100000.0","InvestM Technology LLC","power bi"
309300,"Business Data Analyst","100000.0","Scaleai","sql"
309300,"Business Data Analyst","100000.0","Scaleai","python"
309300,"Business Data Analyst","100000.0","Scaleai","tableau"
736533,"Data Analyst","100000.0","LHH","sql"
736533,"Data Analyst","100000.0","LHH","oracle"
736533,"Data Analyst","100000.0","LHH","excel"
736533,"Data Analyst","100000.0","LHH","tableau"
736533,"Data Analyst","100000.0","LHH","sap"
734020,"Data Analyst","100000.0","Govcio LLC","sql"
